author,text,hashtags,likes,retweets,replies,views,created_at,url,date,hour,day_of_week,text_clean,engagement_score
Ugochukwu Victory ìÉµ,"Mind you, I also place calls on  @trench1000x  Public community (101 in the Trenches)

He‚Äôs definitely one of the most underrated degens in this space. Super  chill guy , with an unstoppable Community as well!

Link in his bio‚Ä¶.",,10,1,3,232,2025-06-03 12:13:42+00:00,https://x.com/iamugovictory/status/1929874128518906154,2025-06-03,12,1,"Mind you, I also place calls on @trench1000x Public community (101 in the Trenches) He‚Äôs definitely one of the most underrated degens in this space. Super chill guy , with an unstoppable Community as well! Link in his bio‚Ä¶.",35.2
Degen Sing,"#chillguy  is going bullish... Up up and we go higher... 

Strong bullish movement spotted.",#chillguy,16,6,3,241,2025-06-03 10:52:07+00:00,https://x.com/degensing/status/1929853598835310790,2025-06-03,10,1,#chillguy is going bullish... Up up and we go higher... Strong bullish movement spotted.,52.1
CHILLGUY on SOL,#CHILLGUY,#CHILLGUY,0,0,0,0,2025-06-03 10:20:30+00:00,https://x.com/chillguy4life/status/1929845642882404489,2025-06-03,10,1,#CHILLGUY,0.0
T‚úÆngerine,I met movie director T.Cracker!! I‚Äôm such a big fan !!! I got his photo card signed he was such a  chill guy,,11,3,2,147,2025-06-03 09:24:04+00:00,https://x.com/hl_wer/status/1929831442034397433,2025-06-03,9,1,I met movie director T.Cracker!! I‚Äôm such a big fan !!! I got his photo card signed he was such a chill guy,31.700000000000003
CHILLGUY on SOL,just a  chill guy  at bratislava <   >,,0,0,0,0,2025-06-03 09:08:19+00:00,https://x.com/chillguy4life/status/1929827474998722768,2025-06-03,9,1,just a chill guy at bratislava < >,0.0
chill guy | fan page,chill  advice...,,0,0,0,0,2025-06-02 21:41:15+00:00,https://x.com/chillguyx/status/1929654568524386403,2025-06-02,21,0,chill advice...,0.0
9 4 7 S C,$1+ before September #CHILLGUY,#CHILLGUY,74,20,8,2093,2025-06-02 19:27:54+00:00,https://x.com/947SC/status/1929621011592310977,2025-06-02,19,0,$1+ before September #CHILLGUY,323.3
Fazt0x,$dilip  reminds me of the early hours of  chillguy,,0,0,0,0,2025-06-02 16:20:37+00:00,https://x.com/fazt0x/status/1929573881087418609,2025-06-02,16,0,$dilip reminds me of the early hours of chillguy,0.0
(Fan) Mbeumo,Chill guy #bryanmbuemo #BrentfordFC,"#bryanmbuemo,#BrentfordFC",36966,1424,297,1176231,2025-06-02 16:17:46+00:00,https://x.com/b_mbuemo/status/1929573164658430395,2025-06-02,16,0,Chill guy #bryanmbuemo #BrentfordFC,157437.1
MIRAI,"chilling into the ai world with  @chillguycto  

rendering  chillguy  into 3D, publicly usable  wherever. 

more to come ",,217,54,31,17593,2025-06-02 15:07:48+00:00,https://x.com/Mirai_terminal/status/1929555553728049168,2025-06-02,15,0,"chilling into the ai world with @chillguycto rendering chillguy into 3D, publicly usable wherever. more to come",2084.3
sk,"I‚Äôm telling you‚Ä¶ with the whale flows and clean price action  #CHILLGUY  is seeing, 200 mil market cap will come sooner than you think  See whale flows like this on any Solana coin on the web app in the replies ",#CHILLGUY,104,26,5,2704,2025-06-02 15:00:58+00:00,https://x.com/skmakeit/status/1929553837817237752,2025-06-02,15,0,"I‚Äôm telling you‚Ä¶ with the whale flows and clean price action #CHILLGUY is seeing, 200 mil market cap will come sooner than you think See whale flows like this on any Solana coin on the web app in the replies",426.40000000000003
Gibbs,Bull-post.  #ChillGuy,#ChillGuy,79,16,4,928,2025-06-02 14:58:49+00:00,https://x.com/CryptoGibbs28/status/1929553295326289952,2025-06-02,14,0,Bull-post. #ChillGuy,203.8
¬∑,the  chill guy 's entrance  #ÎèÑÍ≤∏ hey! long time no see! dokyeomie  hello hello!,#ÎèÑÍ≤∏,0,0,0,0,2025-06-02 14:57:18+00:00,https://x.com/kyeomdaily/status/1929552914764230908,2025-06-02,14,0,the chill guy 's entrance #ÎèÑÍ≤∏ hey! long time no see! dokyeomie hello hello!,0.0
crypto jedi,"#Chillguy  is so deeply rooted into our culture 

I see it all over other platforms used in the same way people use Pepe 

I see it in adds and I see it in random videos I see it in sports it‚Äôs everywhere still 

Here‚Äôs a few I‚Äôve seen posted in the past week  #chillguy  to $10","#Chillguy,#chillguy",83,19,2,1315,2025-06-02 14:38:14+00:00,https://x.com/JediMasterct/status/1929548115180134735,2025-06-02,14,0,#Chillguy is so deeply rooted into our culture I see it all over other platforms used in the same way people use Pepe I see it in adds and I see it in random videos I see it in sports it‚Äôs everywhere still Here‚Äôs a few I‚Äôve seen posted in the past week #chillguy to $10,252.5
TOMMY.CRYPTO,"Never underestimate the  chillguy  power.

Sometimes it pumps when markets are uncertain.",,94,19,6,1669,2025-06-02 13:11:07+00:00,https://x.com/tommydotcrypto/status/1929526191838359793,2025-06-02,13,0,Never underestimate the chillguy power. Sometimes it pumps when markets are uncertain.,298.9
The Assertive Guy,God is watching & Karma is inevitable.  @ElvishYadav #ElvishYadav #ElvishArmy,"#ElvishYadav,#ElvishArmy",0,0,0,0,2025-06-02 10:47:26+00:00,https://x.com/SabChillHaiBro/status/1929490032701718897,2025-06-02,10,0,God is watching & Karma is inevitable. @ElvishYadav #ElvishYadav #ElvishArmy,0.0
Justpit,#CHILLGUY  tic toc ,#CHILLGUY,120,25,15,3621,2025-06-02 06:57:27+00:00,https://x.com/Justpit5/status/1929432155395953039,2025-06-02,6,0,#CHILLGUY tic toc,532.1
bels,"Bruh after jsc spilled the tea i rewatched this vid and he deadass bumped into ses so smooth like he was trying to tell seoknen like ""yo  guys chill  we‚Äôre being filmed.‚Äù ",,370,85,5,13195,2025-06-02 02:24:47+00:00,https://x.com/119savemalife/status/1929363535223529811,2025-06-02,2,0,"Bruh after jsc spilled the tea i rewatched this vid and he deadass bumped into ses so smooth like he was trying to tell seoknen like ""yo guys chill we‚Äôre being filmed.‚Äù",1859.5
WIZZ ( beware scammers ),"#chillguy  next days

Gn friends",#chillguy,602,101,162,66685,2025-06-01 22:03:07+00:00,https://x.com/CryptoWizardd/status/1929297685506367987,2025-06-01,22,6,#chillguy next days Gn friends,7472.5
Gibbs,Engagement.  #ChillGuy,#ChillGuy,101,15,6,1780,2025-06-01 19:23:27+00:00,https://x.com/CryptoGibbs28/status/1929257502514073808,2025-06-01,19,6,Engagement. #ChillGuy,309.0
TOMMY.CRYPTO,Time for a reverse‚Ä¶.?! #chillguy,#chillguy,139,21,18,2917,2025-06-01 16:31:10+00:00,https://x.com/tommydotcrypto/status/1929214147553579435,2025-06-01,16,6,Time for a reverse‚Ä¶.?! #chillguy,472.7
KNIGHT,#chillguy,#chillguy,120,26,20,6330,2025-06-01 16:03:41+00:00,https://x.com/cryptoknight890/status/1929207230529724451,2025-06-01,16,6,#chillguy,805.0
chill guy | fan page,2046 my year fr.,,87,11,4,1936,2025-06-01 14:14:00+00:00,https://x.com/chillguyx/status/1929179627932770472,2025-06-01,14,6,2046 my year fr.,302.6
jan ìàí Àñ ‡£™ ùúóùúö DUH! | no genre,"riwoo is a  chill guy  

250601  #BOYNEXTDOOR #Î≥¥Ïù¥ÎÑ•Ïä§Ìä∏ÎèÑÏñ¥ #Î¶¨Ïö∞ #RIWOO #„É™„Ç¶","#BOYNEXTDOOR,#Î≥¥Ïù¥ÎÑ•Ïä§Ìä∏ÎèÑÏñ¥,#Î¶¨Ïö∞,#RIWOO,#„É™„Ç¶",659,95,5,13761,2025-06-01 13:35:56+00:00,https://x.com/myungjaearchive/status/1929170048402477412,2025-06-01,13,6,riwoo is a chill guy 250601 #BOYNEXTDOOR #Î≥¥Ïù¥ÎÑ•Ïä§Ìä∏ÎèÑÏñ¥ #Î¶¨Ïö∞ #RIWOO #„É™„Ç¶,2225.1000000000004
Lubski Chillguy,Just a  #chillguy  chilling to chillions,#chillguy,0,0,0,0,2025-06-01 13:32:29+00:00,https://x.com/Lubski_chills/status/1929169181422809289,2025-06-01,13,6,Just a #chillguy chilling to chillions,0.0
Family Guy Clips,Quagmire has no  chill  .,,2650,120,12,196316,2025-06-01 13:13:25+00:00,https://x.com/Petre_clipz_/status/1929164381847187718,2025-06-01,13,6,Quagmire has no chill .,22521.600000000002
Dragon,#ChillGuy  will be the best meme of this year! Day 20 of posting  #chillguy #chillguy  until it gets listed on  @binance @binance #SpotListing #SpotListing,"#ChillGuy,#chillguy,#chillguy,#SpotListing,#SpotListing",0,0,0,0,2025-06-01 12:59:58+00:00,https://x.com/DragonInvestX/status/1929160997480075613,2025-06-01,12,6,#ChillGuy will be the best meme of this year! Day 20 of posting #chillguy #chillguy until it gets listed on @binance @binance #SpotListing #SpotListing,0.0
username,The place that breaking you might be the place that builds you. Keep Grinding  . Be a  #chillguy  .,#chillguy,78,17,3,3308,2025-06-01 09:57:17+00:00,https://x.com/Usernamecrypto2/status/1929115022275567906,2025-06-01,9,6,The place that breaking you might be the place that builds you. Keep Grinding . Be a #chillguy .,442.8
Joanna,My son is a  #Chillguy .,#Chillguy,74,8,5,1943,2025-05-31 22:29:31+00:00,https://x.com/fowler_joa10070/status/1928941939790921888,2025-05-31,22,5,My son is a #Chillguy .,284.3
{baby.exe},george sir was a  chill guy  but also scary as hell  prakash varma ,,550,43,3,30819,2025-05-31 22:16:09+00:00,https://x.com/thebabykadayadi/status/1928938578207220183,2025-05-31,22,5,george sir was a chill guy but also scary as hell prakash varma,3717.9
yau,Damn I miss the  chill guy  trenches,,67,13,6,2256,2025-05-31 21:54:45+00:00,https://x.com/yauu23/status/1928933190950932566,2025-05-31,21,5,Damn I miss the chill guy trenches,318.6
RawG,I have fun posting about  Chillguy  because it's so easy to be confident in.  I honestly think everyone who buys here will make a lot of money eventually if they hold.  I have no problems saying that.,,0,0,0,0,2025-05-31 19:31:30+00:00,https://x.com/Raughg/status/1928897141008707606,2025-05-31,19,5,I have fun posting about Chillguy because it's so easy to be confident in. I honestly think everyone who buys here will make a lot of money eventually if they hold. I have no problems saying that.,0.0
Potto,"JUST A  #CHILLGUY THATS THE TWEET.

1B INEVITABLE.",#CHILLGUY,120,23,4,2264,2025-05-31 17:35:40+00:00,https://x.com/pottocrypto/status/1928867991518634314,2025-05-31,17,5,JUST A #CHILLGUY THATS THE TWEET. 1B INEVITABLE.,392.4
RawG,@richcool324 Chill Guy  Âú®ÂÖ®ÁêÉÂπøÂèóÊ¨¢Ëøé„ÄÇÂá†‰πéÂú®ÊâÄÊúâ‰∏ªÊµÅ‰∫§ÊòìÊâÄ‰∏äÂ∏Ç„ÄÇÂ∏ÇÂÄº‰ªç‰Ωé‰∫é 1 ‰∫ø„ÄÇ,,0,0,0,0,2025-05-31 14:44:39+00:00,https://x.com/Raughg/status/1928824952012071352,2025-05-31,14,5,@richcool324 Chill Guy Âú®ÂÖ®ÁêÉÂπøÂèóÊ¨¢Ëøé„ÄÇÂá†‰πéÂú®ÊâÄÊúâ‰∏ªÊµÅ‰∫§ÊòìÊâÄ‰∏äÂ∏Ç„ÄÇÂ∏ÇÂÄº‰ªç‰Ωé‰∫é 1 ‰∫ø„ÄÇ,0.0
TOMMY.CRYPTO,"Stay spot‚Äòn‚Äò chill : that‚Äôs the mission. Chillguy  has everything you need:

Big whales
Major exchanges buying
Biggest meme of all time 
Cheap price now to enter

100%  chill 1$ and higher‚Ä¶",,97,28,20,1628,2025-05-31 14:36:13+00:00,https://x.com/tommydotcrypto/status/1928822831850156069,2025-05-31,14,5,Stay spot‚Äòn‚Äò chill : that‚Äôs the mission. Chillguy has everything you need: Big whales Major exchanges buying Biggest meme of all time Cheap price now to enter 100% chill 1$ and higher‚Ä¶,315.8
RawG,"James Wynn made his money from holding memes like pepe.  Then he lost it all with leverage.  What's the lesson?

hold blue chip meme.  stay away from leverage. Chillguy",,64,13,2,3416,2025-05-31 14:12:49+00:00,https://x.com/Raughg/status/1928816942535610538,2025-05-31,14,5,James Wynn made his money from holding memes like pepe. Then he lost it all with leverage. What's the lesson? hold blue chip meme. stay away from leverage. Chillguy,431.6
kumii,guys chill,,389,37,3,3066,2025-05-31 10:00:03+00:00,https://x.com/kumiitwt/status/1928753329967882394,2025-05-31,10,5,guys chill,769.6
CUPRA KIRO,Just a  chill guy  ya know.  #ShanghaiEPrix #FormulaE,"#ShanghaiEPrix,#FormulaE",0,0,0,0,2025-05-31 07:03:04+00:00,https://x.com/KiroRaceCo/status/1928708790569832557,2025-05-31,7,5,Just a chill guy ya know. #ShanghaiEPrix #FormulaE,0.0
Alex,"Everything will be alright when trump will become  #CHILLGUY  

till then nobody safe ",#CHILLGUY,72,10,2,2123,2025-05-30 18:58:59+00:00,https://x.com/iamalexaslan/status/1928526569674276884,2025-05-30,18,4,Everything will be alright when trump will become #CHILLGUY till then nobody safe,304.3
ùñ¨‚Å±ùóá·µÉ,He‚Äôs just a  chill guy,,0,0,0,0,2025-05-30 18:24:01+00:00,https://x.com/Minip1h/status/1928517773392486636,2025-05-30,18,4,He‚Äôs just a chill guy,0.0
FROGBLOCK,"Our game can get pretty tough, but the  chill  music keeps you calm  What do you  guys  think about this level? #gamedev #frog #indiegame","#gamedev,#frog,#indiegame",551,60,18,18166,2025-05-30 18:18:19+00:00,https://x.com/frogblockgame/status/1928516337506169025,2025-05-30,18,4,"Our game can get pretty tough, but the chill music keeps you calm What do you guys think about this level? #gamedev #frog #indiegame",2487.6000000000004
Date Everything!,"A big  guy  with a relaxed,  chill  and lovable vibe - it‚Äôs what you‚Äôd expect from seeing Koa!   Moses Goods  Play the demo on Steam!",,571,38,5,18399,2025-05-30 15:08:14+00:00,https://x.com/DateEverything/status/1928468499678023990,2025-05-30,15,4,"A big guy with a relaxed, chill and lovable vibe - it‚Äôs what you‚Äôd expect from seeing Koa! Moses Goods Play the demo on Steam!",2486.9
Crypto GVR,DAY 13 #chillguy  at 0.077$  DAY 8 #chillguy #chillguy  at 0.087$   x.com/gvrcalls/statu‚Ä¶,"#chillguy,#chillguy,#chillguy",162,19,24,25305,2025-05-30 11:33:12+00:00,https://x.com/GVRCALLS/status/1928414385875157294,2025-05-30,11,4,DAY 13 #chillguy at 0.077$ DAY 8 #chillguy #chillguy at 0.087$ x.com/gvrcalls/statu‚Ä¶,2730.5
Mary Marouf,He's just a ' chill guy '  #BabarAzamìÉµ #BabarAzam,"#BabarAzamìÉµ,#BabarAzam",487,8,3,4153,2025-05-30 09:02:26+00:00,https://x.com/Cricket_istic/status/1928376442812796971,2025-05-30,9,4,He's just a ' chill guy ' #BabarAzamìÉµ #BabarAzam,918.3
Abby Espiritu,just met Joe Jonas at a meet & greet in NYC and he told me he loved my outfit and then gave me a flower  never had a man give me flowers before but this is a pretty cute first  ( guys  I‚Äôm trying to be *so*  chill  right now but ngl I‚Äôm  -ing inside),,190,12,6,7223,2025-05-29 22:57:08+00:00,https://x.com/missabbyespirit/status/1928224115334254807,2025-05-29,22,3,just met Joe Jonas at a meet & greet in NYC and he told me he loved my outfit and then gave me a flower never had a man give me flowers before but this is a pretty cute first ( guys I‚Äôm trying to be *so* chill right now but ngl I‚Äôm -ing inside),936.3000000000001
Danny Andr√©,"#chillguy  are you ready, if you are a real  chillguy  you buy and don't sell till 0.115 Entry 0.077 #CryptoTrading","#chillguy,#CryptoTrading",84,22,10,3220,2025-05-29 14:02:49+00:00,https://x.com/signalwolf1/status/1928089651497050495,2025-05-29,14,3,"#chillguy are you ready, if you are a real chillguy you buy and don't sell till 0.115 Entry 0.077 #CryptoTrading",450.0
Jennie(slow),"Style: ""You  guys , seriously, don‚Äôt end up in jail again.""

Fadel: ""Why would we? No one actually enjoys doing it in cramped spaces, okay!

Bison: "" Chill , Fadel. But as for me, I do it in open spaces~""

****I'm going to die  #TheHeartKillers #‡∏à‡∏∏‡∏á‡∏î‡∏±‡∏á","#TheHeartKillers,#‡∏à",2222,425,5,33619,2025-05-29 12:40:25+00:00,https://x.com/Jenny20_04/status/1928068912819699889,2025-05-29,12,3,"Style: ""You guys , seriously, don‚Äôt end up in jail again."" Fadel: ""Why would we? No one actually enjoys doing it in cramped spaces, okay! Bison: "" Chill , Fadel. But as for me, I do it in open spaces~"" ****I'm going to die #TheHeartKillers #‡∏à‡∏∏‡∏á‡∏î‡∏±‡∏á",6433.9
X,I want some My day you ?,,0,0,0,0,2025-05-29 11:37:37+00:00,https://x.com/justChill_guy/status/1928053109365801152,2025-05-29,11,3,I want some My day you ?,0.0
L E S E D I,I'm just a  chill guy  who supports Chelsea ,,651,84,28,15368,2025-05-28 21:16:29+00:00,https://x.com/_Hybreed_/status/1927836398280695920,2025-05-28,21,2,I'm just a chill guy who supports Chelsea,2355.8
‚ú±,he's just a  chill guy  doing his thing,,0,0,0,0,2025-05-28 15:32:41+00:00,https://x.com/7ABBER/status/1927749878488142293,2025-05-28,15,2,he's just a chill guy doing his thing,0.0
Scout,He's just a  chill guy,,3198,83,3,36769,2025-05-28 14:18:43+00:00,https://x.com/LFCScout_/status/1927731265580507615,2025-05-28,14,2,He's just a chill guy,7040.9
sk,"#CHILLGUY  PA and smart money flows are still beautiful asf  Whales bought BIG and now we‚Äôre consolidating after a smart money formed bull flag, what do you think happens next? 

Green arrow short term target to 200 mil still stands  Want to see whale flows on any coin? Use",#CHILLGUY,87,19,4,2169,2025-05-28 12:31:23+00:00,https://x.com/skmakeit/status/1927704254585938147,2025-05-28,12,2,"#CHILLGUY PA and smart money flows are still beautiful asf Whales bought BIG and now we‚Äôre consolidating after a smart money formed bull flag, what do you think happens next? Green arrow short term target to 200 mil still stands Want to see whale flows on any coin? Use",341.9
homophobic griefkiddo (comms full),you can say im just a  chill guy,,925,143,6,10868,2025-05-28 02:16:07+00:00,https://x.com/xGOREGHOULx/status/1927549414425395461,2025-05-28,2,2,you can say im just a chill guy,2297.8
Close Leprd,Quarry backdrop ele on a  chill guy,,70,13,13,2318,2025-05-27 23:13:17+00:00,https://x.com/tehleprd999/status/1927503405125144791,2025-05-27,23,1,Quarry backdrop ele on a chill guy,327.8
guin,i'm just a  chill guy,,0,0,0,0,2025-05-27 15:10:36+00:00,https://x.com/m4rktong/status/1927381931966005568,2025-05-27,15,1,i'm just a chill guy,0.0
KNIGHT,#chillguy,#chillguy,147,17,27,10023,2025-05-27 07:20:28+00:00,https://x.com/cryptoknight890/status/1927263621865742411,2025-05-27,7,1,#chillguy,1183.3000000000002
Danno,I bet that  #chillguy  will pump hard after breaking out of the triangle and then reach a $250M market-cap. What do you think?‚Äù,#chillguy,115,17,7,4519,2025-05-27 01:56:24+00:00,https://x.com/realdannob/status/1927182067802005650,2025-05-27,1,1,I bet that #chillguy will pump hard after breaking out of the triangle and then reach a $250M market-cap. What do you think?‚Äù,600.9000000000001
CHILLGUY on SOL,"‚ÄúI wish I had bought  CHILLGUY , I wish I had hold  CHILLGUY ‚Äù

Patience. #CHILLGUY #SHIB","#CHILLGUY,#SHIB",114,23,9,2822,2025-05-26 22:57:12+00:00,https://x.com/chillguy4life/status/1927136969890422842,2025-05-26,22,0,"‚ÄúI wish I had bought CHILLGUY , I wish I had hold CHILLGUY ‚Äù Patience. #CHILLGUY #SHIB",442.2
The Assertive Guy,Peak Men Behaviour  @ElvishYadav #ElvishYadav #ElvishArmy,"#ElvishYadav,#ElvishArmy",1965,337,8,58467,2025-05-26 09:36:23+00:00,https://x.com/SabChillHaiBro/status/1926935436498227417,2025-05-26,9,0,Peak Men Behaviour @ElvishYadav #ElvishYadav #ElvishArmy,8485.7
ùíú,you  guys  need to  chill  with these pictures  @SamandColby,,233,16,5,3025,2025-05-26 00:12:54+00:00,https://x.com/midnightxplr/status/1926793633174278237,2025-05-26,0,0,you guys need to chill with these pictures @SamandColby,567.5
jintao,"could have been a hot  guy , instead you holding  chill  house",,0,0,0,0,2025-05-25 17:53:07+00:00,https://x.com/hellojintao/status/1926698054318514669,2025-05-25,17,6,"could have been a hot guy , instead you holding chill house",0.0
RawG,Is bitcoin about to go parabolic?   Chillguy,,43,8,3,1096,2025-05-25 17:24:57+00:00,https://x.com/Raughg/status/1926690966745846239,2025-05-25,17,6,Is bitcoin about to go parabolic? Chillguy,168.60000000000002
Crypto GVR,DAY 9 #chillguy  at 0.08$  DAY 8 #chillguy #chillguy  at 0.087$   x.com/gvrcalls/statu‚Ä¶,"#chillguy,#chillguy,#chillguy",212,34,47,27384,2025-05-25 16:42:45+00:00,https://x.com/GVRCALLS/status/1926680346797482264,2025-05-25,16,6,DAY 9 #chillguy at 0.08$ DAY 8 #chillguy #chillguy at 0.087$ x.com/gvrcalls/statu‚Ä¶,3018.4
Masc,"Here we go with another bear trap for the non  #chillguy  ‚Äôs 

Remember you‚Äôre buying for medium to long term hold and you‚Äôre never going to time the bottom of any chart. So all you gotta do is buy, DCA and  chill  thru it all. 

Don‚Äôt over complicate crypto.",#chillguy,98,18,6,1909,2025-05-25 16:11:09+00:00,https://x.com/Mascaroo7/status/1926672394271277084,2025-05-25,16,6,"Here we go with another bear trap for the non #chillguy ‚Äôs Remember you‚Äôre buying for medium to long term hold and you‚Äôre never going to time the bottom of any chart. So all you gotta do is buy, DCA and chill thru it all. Don‚Äôt over complicate crypto.",324.9
Lucy,"Succinct Rockstar: week 9  Have a nice weekend  guys ,  chill  with Succinct! #Succinct @SuccinctLabs @0xCRASHOUT",#Succinct,83,3,46,1279,2025-05-25 15:54:18+00:00,https://x.com/TopVide7428/status/1926668155264401865,2025-05-25,15,6,"Succinct Rockstar: week 9 Have a nice weekend guys , chill with Succinct! #Succinct @SuccinctLabs @0xCRASHOUT",216.9
ùòΩùôñùô°ùôôùôß,"Why  #revolut  accumulated so much  CHILLGUY  ?

Francesca Carlesi is the ceo of Revolut UK, wef member and a  young global leader for italy-us Council 2013.

She connected to the current president of FIFA who is also Italian and a member of world economic forum

Do they have some",#revolut,114,23,6,9472,2025-05-25 14:52:57+00:00,https://x.com/Raptorj69/status/1926652714009661711,2025-05-25,14,6,"Why #revolut accumulated so much CHILLGUY ? Francesca Carlesi is the ceo of Revolut UK, wef member and a young global leader for italy-us Council 2013. She connected to the current president of FIFA who is also Italian and a member of world economic forum Do they have some",1107.2
TWS SAI INDONESIA,[INSTAGRAM] 250525  #YOUNGJAE : ingin menjadi  chill guy #TWS #Ìà¨Ïñ¥Ïä§ #247WithUs #ÏòÅÏû¨ @TWS_PLEDIS,"#YOUNGJAE,#TWS,#Ìà¨Ïñ¥Ïä§,#247WithUs,#ÏòÅÏû¨",0,0,0,0,2025-05-25 12:29:13+00:00,https://x.com/TWS42_INDONESIA/status/1926616544500502575,2025-05-25,12,6,[INSTAGRAM] 250525 #YOUNGJAE : ingin menjadi chill guy #TWS #Ìà¨Ïñ¥Ïä§ #247WithUs #ÏòÅÏû¨ @TWS_PLEDIS,0.0
yuiêôö,this smirk is actually so devious like wdym coquette  chill guy,,66,9,6,1726,2025-05-25 10:52:56+00:00,https://x.com/ultgyuv/status/1926592311670010246,2025-05-25,10,6,this smirk is actually so devious like wdym coquette chill guy,256.6
MSU Chill Guy,"ChillGuyCountdown: 98 days! Sr. DE Ashun Shepphard signed with Mississippi State out of EMCC in the   C/O ‚Äò24. The former 3  DL prepped at Brandon HS (Brandon, MS) where he was a late bloomer. Shepphard tallied 25 tackles before his Sr. year in which he tallied 122 tackles and",,0,0,0,0,2025-05-25 03:50:36+00:00,https://x.com/MSUChillGuy/status/1926486029034217932,2025-05-25,3,6,"ChillGuyCountdown: 98 days! Sr. DE Ashun Shepphard signed with Mississippi State out of EMCC in the C/O ‚Äò24. The former 3 DL prepped at Brandon HS (Brandon, MS) where he was a late bloomer. Shepphard tallied 25 tackles before his Sr. year in which he tallied 122 tackles and",0.0
P| R‚óâ‚É§TŒû,"HAVE YOU FORGOTTEN WHAT  CHILLGUY  AND HOUSECOIN HAVE DONE TO US? I SEE A WHOLE ARMY OF CHILLHOUSES IN DEFIANCE OF TYRANNY. THEY MAY TAKE OUR SOL, BUT THEY‚ÄôLL NEVER TAKE OUR SOUL!!!!!!!",,0,0,0,0,2025-05-25 01:44:45+00:00,https://x.com/Pir8teAngel/status/1926454357769285697,2025-05-25,1,6,"HAVE YOU FORGOTTEN WHAT CHILLGUY AND HOUSECOIN HAVE DONE TO US? I SEE A WHOLE ARMY OF CHILLHOUSES IN DEFIANCE OF TYRANNY. THEY MAY TAKE OUR SOL, BUT THEY‚ÄôLL NEVER TAKE OUR SOUL!!!!!!!",0.0
Maru ||,*drawing the face of his  * : i think i might make this a little sleepy. cause  's eyes are a little droopy half of the time. just got a  chill  vibe. he's just a  chill guy . he lowkey don't gaf : *happy noises* #kaeflix #zealginjoka,"#kaeflix,#zealginjoka",0,0,0,0,2025-05-25 01:12:35+00:00,https://x.com/shenmaruu/status/1926446263446253717,2025-05-25,1,6,*drawing the face of his * : i think i might make this a little sleepy. cause 's eyes are a little droopy half of the time. just got a chill vibe. he's just a chill guy . he lowkey don't gaf : *happy noises* #kaeflix #zealginjoka,0.0
CHILLGUY on SOL,"Still figuring it all out, but today I‚Äôm just soaking in the moment. Happy bday to the  chill guy .",,0,0,0,0,2025-05-24 23:56:42+00:00,https://x.com/chillguy4life/status/1926427164695576648,2025-05-24,23,5,"Still figuring it all out, but today I‚Äôm just soaking in the moment. Happy bday to the chill guy .",0.0
CHILLGUY on SOL,When I say I got that dog in me but this is the dog im talking about because I am just a  chill guy,,104,13,3,1184,2025-05-24 20:27:52+00:00,https://x.com/chillguy4life/status/1926374613929394248,2025-05-24,20,5,When I say I got that dog in me but this is the dog im talking about because I am just a chill guy,248.4
X,I can‚Äôt keep on hiding   just can‚Äôt wait for the cops to find me ,,14,9,2,1030,2025-05-24 20:24:25+00:00,https://x.com/justChill_guy/status/1926373744240378251,2025-05-24,20,5,I can‚Äôt keep on hiding just can‚Äôt wait for the cops to find me,135.0
mari,Chill  nagi is my fav look at this little 6‚Äô3  guy,,1166,105,4,12095,2025-05-24 20:16:31+00:00,https://x.com/reonagispain/status/1926371756740050956,2025-05-24,20,5,Chill nagi is my fav look at this little 6‚Äô3 guy,2585.5
baker2g,"When have I ever been wrong on TREND coins? 

Some of the trend coins I identified were $moodeng  $pnut  $ chillguy  $fartcoin 

You don‚Äôt need to ape every play you just have to ape the big plays with size and fucking hold for a month or so. Most of my apes were at 10m and above and Sometimes dreams come true.

Seeing  $Labubu $Labubu  reach 100 million has nothing to do with dreaming ‚Äî it's about to become reality!

Last chance to buy Labubu at a low price!

I warned you at 2 million, at 6 million, and at 20 million.

If you still think ",,34,20,19,3064,2025-05-24 19:43:17+00:00,https://x.com/baker2g__/status/1926363393813807573,2025-05-24,19,5,"When have I ever been wrong on TREND coins? Some of the trend coins I identified were $moodeng $pnut $ chillguy $fartcoin You don‚Äôt need to ape every play you just have to ape the big plays with size and fucking hold for a month or so. Most of my apes were at 10m and above and Sometimes dreams come true. Seeing $Labubu $Labubu reach 100 million has nothing to do with dreaming ‚Äî it's about to become reality! Last chance to buy Labubu at a low price! I warned you at 2 million, at 6 million, and at 20 million. If you still think",380.40000000000003
ùìêùì∫ùìæùì™ ùì¥ùì∑ùì≤ùì∞ùì±ùìΩ,"250524
DREAMQUEST Chill guy HQ #ÏßÄÏÑ± #JISUNG #NCT #NCTDREAM #„ÉÅ„ÇΩ„É≥","#ÏßÄÏÑ±,#JISUNG,#NCT,#NCTDREAM,#„ÉÅ„ÇΩ„É≥",0,0,0,0,2025-05-24 17:27:51+00:00,https://x.com/Aquaknight0205/status/1926329307753800151,2025-05-24,17,5,250524 DREAMQUEST Chill guy HQ #ÏßÄÏÑ± #JISUNG #NCT #NCTDREAM #„ÉÅ„ÇΩ„É≥,0.0
Coinbase Guy,Day 153 of posting  #CHILLGUY  until he gets listed on  @coinbase . #SpotListing,"#CHILLGUY,#SpotListing",94,18,6,1087,2025-05-24 17:15:43+00:00,https://x.com/CoinbaseGuy/status/1926326257592963499,2025-05-24,17,5,Day 153 of posting #CHILLGUY until he gets listed on @coinbase . #SpotListing,238.7
Crypto Analyst,"I am longing $ chillguy  .
Big pump coming .",,113,16,28,8404,2025-05-24 16:08:51+00:00,https://x.com/CryptoA40672341/status/1926309426765451557,2025-05-24,16,5,I am longing $ chillguy . Big pump coming .,985.4000000000001
Crypto GVR,DAY 8 #chillguy  at 0.087$  DAY 7 #chillguy #chillguy  at 0.098$   x.com/gvrcalls/statu‚Ä¶,"#chillguy,#chillguy,#chillguy",205,38,26,77958,2025-05-24 16:00:02+00:00,https://x.com/GVRCALLS/status/1926307209555615847,2025-05-24,16,5,DAY 8 #chillguy at 0.087$ DAY 7 #chillguy #chillguy at 0.098$ x.com/gvrcalls/statu‚Ä¶,8076.8
Sukhjinder Singh Randhawa,"Chill guys , they're just bent over to check the brand of the boots  #Brandchack #punjab","#Brandchack,#punjab",49,8,3,3025,2025-05-24 12:57:51+00:00,https://x.com/Sukhjinder_INC/status/1926261361492824435,2025-05-24,12,5,"Chill guys , they're just bent over to check the brand of the boots #Brandchack #punjab",367.5
chill guy | fan page,being a  chill guy  is as powerful as always having the star item activated. ,,0,0,0,0,2025-05-24 12:01:24+00:00,https://x.com/chillguyx/status/1926247156932821130,2025-05-24,12,5,being a chill guy is as powerful as always having the star item activated.,0.0
Trading Copter,"Justin Sun owns:  Tron (TRX)  BitTorrent (BTT) Chill Guy  (meme coin)

This  guy  is like the Thanos of crypto!
What other coins does he secretly hold that we‚Äôre missing?

Drop your guesses below! #Crypto #TRX #JustinSun #Altcoins #MemeCoins #chillguy","#Crypto,#TRX,#JustinSun,#Altcoins,#MemeCoins,#chillguy",0,0,0,0,2025-05-24 11:55:45+00:00,https://x.com/TradingCopter/status/1926245732513698185,2025-05-24,11,5,Justin Sun owns: Tron (TRX) BitTorrent (BTT) Chill Guy (meme coin) This guy is like the Thanos of crypto! What other coins does he secretly hold that we‚Äôre missing? Drop your guesses below! #Crypto #TRX #JustinSun #Altcoins #MemeCoins #chillguy,0.0
FreenBecky&Chill,Have you  guys  noticed the way Freen was looking at Becky during her speech? I can‚Äôt get over the way she got snapped out of her thoughts when Becky turned and looked at her  #FreenBecky #‡∏ü‡∏£‡∏µ‡∏ô‡πÄ‡∏ö‡∏Ñ #srchafreen #Beckysangels,"#FreenBecky,#‡∏ü‡∏£,#srchafreen,#Beckysangels",3484,748,13,51077,2025-05-24 09:47:52+00:00,https://x.com/FBandChill/status/1926213549312884741,2025-05-24,9,5,Have you guys noticed the way Freen was looking at Becky during her speech? I can‚Äôt get over the way she got snapped out of her thoughts when Becky turned and looked at her #FreenBecky #‡∏ü‡∏£‡∏µ‡∏ô‡πÄ‡∏ö‡∏Ñ #srchafreen #Beckysangels,10087.7
CRYPTOMOJO_TA,"$ CHILLGUY  is holding strong!

Price is respecting the ascending trendline and gearing up for a breakout.
A move above that top resistance could open the gates to $0.13

Entry zone: $0.086‚Äì$0.088
Stop-loss: $0.080
Looks like a clean setup with a good risk-reward. 
Just manage your",,76,12,5,1793,2025-05-24 09:44:42+00:00,https://x.com/CRYPTOMOJO_TA/status/1926212755834486947,2025-05-24,9,5,$ CHILLGUY is holding strong! Price is respecting the ascending trendline and gearing up for a breakout. A move above that top resistance could open the gates to $0.13 Entry zone: $0.086‚Äì$0.088 Stop-loss: $0.080 Looks like a clean setup with a good risk-reward. Just manage your,279.3
just a chill guy | fan page,football players and fans love  chill guy .,,421,62,11,14180,2025-05-03 23:18:02+00:00,https://x.com/chillguycto/status/1918807289751916691,2025-05-03,23,5,football players and fans love chill guy .,1963.0
chill guy | fan page,just a  chillguy  getting ready for his morning routine.,,1039,96,15,31431,2025-03-24 00:57:00+00:00,https://x.com/chillguyx/status/1903974293324898585,2025-03-24,0,0,just a chillguy getting ready for his morning routine.,4374.1
just a chill guy | fan page,just a  chill  cat that wants all of your attention.,,247,34,18,5108,2025-03-24 00:03:17+00:00,https://x.com/chillguycto/status/1903960774395011248,2025-03-24,0,0,just a chill cat that wants all of your attention.,825.8
just a chill guy | fan page,"one  chill guy  might not change the world, but by inspiring others to be  chill  we can do it together.",,215,31,17,5438,2025-03-16 23:50:44+00:00,https://x.com/chillguycto/status/1901420900617957709,2025-03-16,23,6,"one chill guy might not change the world, but by inspiring others to be chill we can do it together.",820.8000000000001
just a chill guy | fan page,"take a break from the charts, get some fresh air.",,257,45,39,9720,2025-02-02 16:01:21+00:00,https://x.com/chillguycto/status/1886082486419038468,2025-02-02,16,6,"take a break from the charts, get some fresh air.",1319.0
just a chill guy | fan page,sunday shenanigans chill  and breathe some fresh air.,,265,50,50,9466,2025-01-27 00:15:05+00:00,https://x.com/chillguycto/status/1883670025116274975,2025-01-27,0,0,sunday shenanigans chill and breathe some fresh air.,1311.6
just a chill guy | fan page,just a  chill guy  fighting for solana and memecoins.,,1148,190,84,37541,2025-01-18 18:39:24+00:00,https://x.com/chillguycto/status/1880686445213733026,2025-01-18,18,5,just a chill guy fighting for solana and memecoins.,5282.1
Chef Crypto,"not to mention, in these 2 months,  chill guy  has secured listings on almost every t1 exchange.

the path of  chill  isn‚Äôt always easy... but the reward will be chiller than you could imagine. today marks 2 months since CHILLGUY graduated from  @pumpdotfun @pumpdotfun .

since then, a lot has happened:  our holder base grew to 137.5k people",,230,54,23,4359,2025-01-16 17:38:13+00:00,https://x.com/chefcrypto_/status/1879946272322515328,2025-01-16,17,3,"not to mention, in these 2 months, chill guy has secured listings on almost every t1 exchange. the path of chill isn‚Äôt always easy... but the reward will be chiller than you could imagine. today marks 2 months since CHILLGUY graduated from @pumpdotfun @pumpdotfun . since then, a lot has happened: our holder base grew to 137.5k people",773.9000000000001
just a chill guy | fan page,just a  chill guy  who can never have enough coins.,,582,93,53,16554,2025-01-16 10:02:34+00:00,https://x.com/chillguycto/status/1879831602903371973,2025-01-16,10,3,just a chill guy who can never have enough coins.,2423.4
chill guy | fan page,just a  chill guy  who's ready for another character building weekend.,,242,27,7,10884,2025-01-04 09:52:02+00:00,https://x.com/chillguyx/status/1875480297166287058,2025-01-04,9,5,just a chill guy who's ready for another character building weekend.,1384.4
chill guy | fan page,just a  chill guy  stepping through the snow.,,398,32,8,13041,2025-01-03 00:02:02+00:00,https://x.com/chillguyx/status/1874969430746087630,2025-01-03,0,4,just a chill guy stepping through the snow.,1766.1000000000001
chill guy | fan page,just a  chill guy  who likes white monster.,,221,30,9,10794,2024-12-26 12:32:04+00:00,https://x.com/chillguyx/status/1872259079109857582,2024-12-26,12,3,just a chill guy who likes white monster.,1360.4
just a chill guy | fan page,did santa's chillest helper get you the gift you wanted?,,542,85,42,19673,2024-12-25 22:35:02+00:00,https://x.com/chillguycto/status/1872048433072087492,2024-12-25,22,2,did santa's chillest helper get you the gift you wanted?,2679.3
chill guy | fan page,just two  chill  bros who understand each other.,,220,38,15,14010,2024-12-21 20:16:03+00:00,https://x.com/chillguyx/status/1870563908181709023,2024-12-21,20,5,just two chill bros who understand each other.,1697.0
BattlementLK,"The ultimate  Chill Guy  is the Marxist-Leninist.

History is not personal to us. We observe it objectively.

We watch contradictions play out like a monk meditating.

We strategize based on what we see, and we win.",,232,42,12,7777,2024-12-19 21:20:25+00:00,https://x.com/BattlementLK/status/1869855331725259147,2024-12-19,21,3,"The ultimate Chill Guy is the Marxist-Leninist. History is not personal to us. We observe it objectively. We watch contradictions play out like a monk meditating. We strategize based on what we see, and we win.",1093.7
chill guy | fan page,just a  chill guy  who just cant hear very well,,279,43,4,14923,2024-12-18 10:14:02+00:00,https://x.com/chillguyx/status/1869325239307362428,2024-12-18,10,2,just a chill guy who just cant hear very well,1857.3000000000002
Chef Crypto,"gm  #chillguy  family.

price is down but we stay  chill .

how well we handle adversity shows how strong we are as a community.

as always keep it  chill , and don‚Äôt get shaken out.",#chillguy,275,42,11,8145,2024-12-17 14:58:57+00:00,https://x.com/chefcrypto_/status/1869034554276946113,2024-12-17,14,1,"gm #chillguy family. price is down but we stay chill . how well we handle adversity shows how strong we are as a community. as always keep it chill , and don‚Äôt get shaken out.",1173.5
just a chill guy | fan page,just a  chill guy  waiting for his friend to catch a breath so we can continue climbing the mountain.,,1002,132,64,34987,2024-12-16 23:57:28+00:00,https://x.com/chillguycto/status/1868807688043610260,2024-12-16,23,0,just a chill guy waiting for his friend to catch a breath so we can continue climbing the mountain.,4764.700000000001
Bitget,Chill guy  just launched a new mini app on Telegram!  @chillguycto Ready to level up your  chill  vibes?  Chill guy  bot   Boost   Follow Bitget on X = 50 XP  Join now:  https://,,565,152,78,81905,2024-12-16 16:00:02+00:00,https://x.com/bitgetglobal/status/1868687538199875908,2024-12-16,16,0,Chill guy just launched a new mini app on Telegram! @chillguycto Ready to level up your chill vibes? Chill guy bot Boost Follow Bitget on X = 50 XP Join now: https://,9059.5
just a chill guy | fan page,"chilling 

not a phone in sight nor a worry in the mind.",,1085,175,70,42171,2024-12-14 20:45:32+00:00,https://x.com/chillguycto/status/1868034611344998529,2024-12-14,20,5,chilling not a phone in sight nor a worry in the mind.,5652.1
fity.eth,Chill Guy  is everywhere  0x60215db40b04fe029c42c56ff2e02221c1f288ef,,184,40,38,13194,2024-12-12 01:51:24+00:00,https://x.com/Fityeth/status/1867024422911217961,2024-12-12,1,3,Chill Guy is everywhere 0x60215db40b04fe029c42c56ff2e02221c1f288ef,1583.4
philb,my new plushie. his whole deal is he's a  chill guy  who lowkey would love for you to take him home  http:// -guy ‚Ä¶,,0,0,0,0,2024-12-10 22:12:00+00:00,https://x.com/PhillipBankss/status/1866606821416337592,2024-12-10,22,1,my new plushie. his whole deal is he's a chill guy who lowkey would love for you to take him home http:// -guy ‚Ä¶,0.0
just a chill guy | fan page,"in the clutch, you can always count on a  chill guy . When you're just a chill guy enjoying an OpTic win to end the day ",,537,85,32,28859,2024-12-09 08:08:00+00:00,https://x.com/chillguycto/status/1866032032285089886,2024-12-09,8,0,"in the clutch, you can always count on a chill guy . When you're just a chill guy enjoying an OpTic win to end the day",3592.9
chill guy | fan page,Unbothered. Moisturized. Happy. In My Lane. Focused. Flourishing.,,2234,314,48,84171,2024-12-03 23:41:59+00:00,https://x.com/chillguyx/status/1864092748585848934,2024-12-03,23,1,Unbothered. Moisturized. Happy. In My Lane. Focused. Flourishing.,11279.1
just a chill guy | fan page,"they chase the charts i just  chill  and recline, i'm just a  chill guy SERIOUS THOUGHT.

This Chill Guy meme is being used by everyday people (I'm seeing many people NOT IN CRYPTO using this meme on Instagram)..

More than I have EVER seen them use Pepe (if they ever even did)..

Pepe was a more niche 4 chan/ Reddit nerd thing..

Hmm, interesting",,393,87,24,22586,2024-12-03 17:56:57+00:00,https://x.com/chillguycto/status/1864005918402490726,2024-12-03,17,1,"they chase the charts i just chill and recline, i'm just a chill guy SERIOUS THOUGHT. This Chill Guy meme is being used by everyday people (I'm seeing many people NOT IN CRYPTO using this meme on Instagram).. More than I have EVER seen them use Pepe (if they ever even did).. Pepe was a more niche 4 chan/ Reddit nerd thing.. Hmm, interesting",2825.6
Bitget,"$1,000  CHILLGUY  Giveaway  Meet  Chill Guy @chillguycto  ‚Äî the internet‚Äôs favorite meme turned crypto sensation! 

From a simple cartoon to  Chill Guy ‚Äôs ‚ÄúWhy worry?‚Äù vibe is taking over X, TikTok, and the  @solana  blockchain. 

Let's discover why  Chill Guy  is the meme of our",,711,328,114,56575,2024-12-03 05:23:59+00:00,https://x.com/bitgetglobal/status/1863816429365248317,2024-12-03,5,1,"$1,000 CHILLGUY Giveaway Meet Chill Guy @chillguycto ‚Äî the internet‚Äôs favorite meme turned crypto sensation! From a simple cartoon to Chill Guy ‚Äôs ‚ÄúWhy worry?‚Äù vibe is taking over X, TikTok, and the @solana blockchain. Let's discover why Chill Guy is the meme of our",7024.5
just a chill guy | fan page,just some  chill guys  taking over the internet.,,1530,259,136,114151,2024-12-02 23:59:55+00:00,https://x.com/chillguycto/status/1863734873669718512,2024-12-02,23,0,just some chill guys taking over the internet.,13463.1
0xDarius,"chillguy  is official now.

organizations starting to get the message.",,561,136,67,30833,2024-12-01 18:38:17+00:00,https://x.com/0x_Darius/status/1863291544805036172,2024-12-01,18,6,chillguy is official now. organizations starting to get the message.,3916.3
Chef Crypto,"the longer the consolidation the more violent the pop. #chillguy  is going to melt faces.

relax the mind, be a  chill guy .

you will be rewarded.",#chillguy,391,65,25,18902,2024-11-30 18:26:28+00:00,https://x.com/chefcrypto_/status/1862926182376726990,2024-11-30,18,5,"the longer the consolidation the more violent the pop. #chillguy is going to melt faces. relax the mind, be a chill guy . you will be rewarded.",2411.2
chill guy | fan page,"I AM ABOUT TO WALK INTO THE MOST ABUNDANT BALANCED WEALTHY AND SUCCESSFUL PERIOD OF MY LIFE. I NATURALLY ATTRACT GOOD FORTUNE, AND I AM WEALTHY IN MORE WAYS THAN ONE. I GIVE MYSELF PERMISSION TO PROSPER, AND I HAVE THE POWER TO BUILD THE LIFE THAT I DESIRE.",,3018,469,130,162472,2024-11-27 23:25:33+00:00,https://x.com/chillguyx/status/1861914288807374869,2024-11-27,23,2,"I AM ABOUT TO WALK INTO THE MOST ABUNDANT BALANCED WEALTHY AND SUCCESSFUL PERIOD OF MY LIFE. I NATURALLY ATTRACT GOOD FORTUNE, AND I AM WEALTHY IN MORE WAYS THAN ONE. I GIVE MYSELF PERMISSION TO PROSPER, AND I HAVE THE POWER TO BUILD THE LIFE THAT I DESIRE.",20203.2
JTMX,When the meme isn‚Äôt loved but I‚Äôm lowkey just a  chill guy,,7960,112,25,120139,2024-11-27 21:28:17+00:00,https://x.com/JTMX080626/status/1861884775063240975,2024-11-27,21,2,When the meme isn‚Äôt loved but I‚Äôm lowkey just a chill guy,20197.9
"Wizard Of SoHo (,)","Chill guy  has changed everything. 

Anger and hate against each other being pushed away. Insulting and belittling each other is done.  Chill guys  are in control now",,392,37,41,23471,2024-11-27 16:07:48+00:00,https://x.com/wizardofsoho/status/1861804123986788566,2024-11-27,16,2,Chill guy has changed everything. Anger and hate against each other being pushed away. Insulting and belittling each other is done. Chill guys are in control now,2813.1
"Wizard Of SoHo (,)","Chill guy  has made me so calm towards the hate on this app from copelords and plebs 

I am just a  chill guy  ‚Ä¶ hanging out with my  chill guys  

That‚Äôs all",,273,28,19,18135,2024-11-27 15:01:35+00:00,https://x.com/wizardofsoho/status/1861787461099073811,2024-11-27,15,2,Chill guy has made me so calm towards the hate on this app from copelords and plebs I am just a chill guy ‚Ä¶ hanging out with my chill guys That‚Äôs all,2142.5
chill guy | fan page,Going to the movies by myself because I‚Äôm just a  chill guy  who enjoys the magic of cinema,,6394,800,150,575772,2024-11-27 11:16:41+00:00,https://x.com/chillguyx/status/1861730860434592127,2024-11-27,11,2,Going to the movies by myself because I‚Äôm just a chill guy who enjoys the magic of cinema,65571.20000000001
just a chill guy | fan page,"don't mind me

just a  chill guy  flipping his water bottle.",,286,54,23,6686,2024-11-26 20:27:21+00:00,https://x.com/chillguycto/status/1861507056127082683,2024-11-26,20,1,don't mind me just a chill guy flipping his water bottle.,1062.6
"Wizard Of SoHo (,)",Chill guys  are unbothered... Chill guys  are just ... being  chill,,539,94,77,32831,2024-11-26 12:27:28+00:00,https://x.com/wizardofsoho/status/1861386287254503833,2024-11-26,12,1,Chill guys are unbothered... Chill guys are just ... being chill,4010.1000000000004
chill guy | fan page,I‚Äôm just a  chill guy  with a low taper fade,,1214,76,37,247639,2024-11-26 03:52:41+00:00,https://x.com/chillguyx/status/1861256740169203889,2024-11-26,3,1,I‚Äôm just a chill guy with a low taper fade,26129.9
AshRobin,"a message to  @PhillipBankss , the artist behind $ CHILLGUY just take 3 minutes to hear me out on this

I promise you won't regret it

my DMs are open bc I'm just  chill  like that and I like to help people out",,438,40,60,66137,2024-11-25 19:20:09+00:00,https://x.com/ashrobinqt/status/1861127756047655217,2024-11-25,19,0,"a message to @PhillipBankss , the artist behind $ CHILLGUY just take 3 minutes to hear me out on this I promise you won't regret it my DMs are open bc I'm just chill like that and I like to help people out",7131.700000000001
just a chill guy | fan page,"while waiting for fish to bite, you need to remain very  chill .",,1025,193,88,43112,2024-11-25 14:19:54+00:00,https://x.com/chillguycto/status/1861052194641924252,2024-11-25,14,0,"while waiting for fish to bite, you need to remain very chill .",5722.2
Rypto,Chill Guy : The Quiet Strength Meme  #CHILLGUY @chillguycto,#CHILLGUY,234,51,32,39733,2024-11-24 17:27:38+00:00,https://x.com/Rypto__/status/1860737049826906499,2024-11-24,17,6,Chill Guy : The Quiet Strength Meme #CHILLGUY @chillguycto,4309.3
SwapSpace, New listing - $ CHILLGUY  is now available on SwapSpace @chillguycto  is a meme character that's all about being super relaxed and not caring much about anything.  Go to our platform to exchange  CHILLGUY  at the most favorable rates -  https:// guy?utm_source=twitter&utm_medium=social&utm_campaign=listing ‚Ä¶ #listing #swap,"#listing,#swap",226,66,24,10862,2024-11-24 13:44:57+00:00,https://x.com/SwapSpaceCo/status/1860681009920127449,2024-11-24,13,6,New listing - $ CHILLGUY is now available on SwapSpace @chillguycto is a meme character that's all about being super relaxed and not caring much about anything. Go to our platform to exchange CHILLGUY at the most favorable rates - https:// guy?utm_source=twitter&utm_medium=social&utm_campaign=listing ‚Ä¶ #listing #swap,1444.2
Harsh Dwivedi | Building Medial,"Made this  Chill Guy  tool today.
Enter your X username and find out how  chill  you are..

Also share it on twitter too.",,2853,8053,311,3540508,2024-11-24 13:30:57+00:00,https://x.com/harsh_dwivedi7/status/1860677486339817522,2024-11-24,13,6,Made this Chill Guy tool today. Enter your X username and find out how chill you are.. Also share it on twitter too.,373009.80000000005
"Wizard Of SoHo (,)","Turning laptop off for the weekend. Stops on the shorts are sets. Bids on  chill guy  and other coins set. 

Cuz I am a  chill guy  and like to be  chill",,407,70,48,17071,2024-11-23 17:01:56+00:00,https://x.com/wizardofsoho/status/1860368195648938081,2024-11-23,17,5,Turning laptop off for the weekend. Stops on the shorts are sets. Bids on chill guy and other coins set. Cuz I am a chill guy and like to be chill,2254.1000000000004
chill guy | fan page,"Was over stressing over some shit I have no control of, then remembered I‚Äôm just a  chill guy",,664,126,32,111931,2024-11-22 14:35:18+00:00,https://x.com/chillguyx/status/1859968905865052182,2024-11-22,14,4,"Was over stressing over some shit I have no control of, then remembered I‚Äôm just a chill guy",12109.1
chill guy | fan page,patiently waiting for her to make the first move cause i‚Äôm really just a  chill guy,,430,48,16,65280,2024-11-22 05:34:40+00:00,https://x.com/chillguyx/status/1859832849609949399,2024-11-22,5,4,patiently waiting for her to make the first move cause i‚Äôm really just a chill guy,7054.0
"Wizard Of SoHo (,)",Just a  chill guy  waiting to get to chillions,,394,37,46,33905,2024-11-22 01:27:18+00:00,https://x.com/wizardofsoho/status/1859770601025700105,2024-11-22,1,4,Just a chill guy waiting to get to chillions,3858.5
"Wizard Of SoHo (,)","This is where we are on  chill guy  fyi ‚Ä¶
Probably or whatever 

Doesn‚Äôt matter ‚Ä¶ just a  chill guy  being  chill",,363,54,51,49505,2024-11-21 17:20:49+00:00,https://x.com/wizardofsoho/status/1859648173620478089,2024-11-21,17,3,This is where we are on chill guy fyi ‚Ä¶ Probably or whatever Doesn‚Äôt matter ‚Ä¶ just a chill guy being chill,5421.5
King.sol,"This  guy  Bought $4 worth of  chill guy  and sold $141K 

Definitely the chillest  guy  right now.",,14463,588,254,1059975,2024-11-20 07:39:20+00:00,https://x.com/teddi_speaks/status/1859139448300323211,2024-11-20,7,2,This guy Bought $4 worth of chill guy and sold $141K Definitely the chillest guy right now.,121636.5
coldy,"this is the "" chill  man"" he only appears every 1000 years 

rt to have a  chill  day",,0,0,0,0,2016-09-26 18:49:42+00:00,https://x.com/Coldh4rt/status/780479474651402240,2016-09-26,18,0,"this is the "" chill man"" he only appears every 1000 years rt to have a chill day",0.0
